"name","start"
"Porce Medio - afro",NA
"Consejo Comunitario De Dos Bocas - afro",NA
"Tierra Baja """"Mi Territorio Ancestral"""" - afro",NA
"Consejo Comunitario Predio El Carmen - afro",NA
"Turriquitado - afro",NA
"Bellavista - afro",NA
"Cordoba Y San Cipriano - afro",NA
"Cano Del Oro - afro",NA
"San Joaquin Aguadulce - afro",NA
"Guayabal - afro",NA
"El Bien Del Futuro - afro",NA
"Villa Grande - afro",NA
"Puerto Echeverry - afro",NA
"Agricultores Del Patia Grande - afro",NA
"Union Del Rio Rosario - afro",NA
"La Cuenca Del Rio San Bernardo Patia Norte - afro",NA
"Pro - Defensa Del Rio Tapaje - afro",NA
"La Nupa Del Rio Caunapi - afro",NA
"San Nicolas - afro",NA
"Union De Cuencas De Isagualpi - afro",NA
"Alto Anchicaya - afro",NA
"Rescate Las Varas - afro",NA
"Bocas De Atrato Y Leoncito - afro",NA
"La Gran Union Del Rio Telpi - afro",NA
"Union Patia Viejo - afro",NA
"Parte Baja Del Rio Saija - afro",NA
"Negros En Accion - afro",NA
"San Joc Parte Alta Del Rio Micay - afro",NA
"Los Rios La Larga Y Tumarado - afro",NA
"Cordillera Occidental De Narino Copdiconc - afro",NA
"Rio San Francisco - afro",NA
"Manos Amigas Del Patia Grande - afro",NA
"La Barra - afro",NA
"Bajo Potedo - afro",NA
"Pedeguita Y Mancilla - afro",NA
"Iye Pinto - afro",NA
"Acadesan - afro",NA
"Makankamana - afro",NA
"El Progreso Del Rio Nerete - afro",NA
"Catangueros - afro",NA
"El Progreso Del Campo - afro",NA
"La Grande - afro",NA
"Guapi Abajo - afro",NA
"Zacarias Rio Dagua - afro",NA
"Gamboa - afro",NA
"Nueva Alianza - afro",NA
"Agua Clara - afro",NA
"Calle Larga Rio Dagua - afro",NA
"Paimado - afro",NA
"Bachichi  -  Piedras - afro",NA
"Renacer Telembi - afro",NA
"Villa Maria De Purricha - afro",NA
"Tablon Salado - afro",NA
"Cabeceras Rio San Juan - afro",NA
"Rio Curvarado - afro",NA
"Unicosta - afro",NA
"Mayor Del Municipio De Condoto - afro",NA
"Caunapi - afro",NA
"San Marcos - afro",NA
"Taparal - afro",NA
"Concoarapios - afro",NA
"Virudo - afro",NA
"La Gran Minga De Los Rios Inguambi Y Albi - afro",NA
"Campo Hermoso - afro",NA
"Cano Bodegas - afro",NA
"Imbilpi Del Carmen - afro",NA
"La Amistad - afro",NA
"Mayor Del Bajo Atrato - afro",NA
"Tablon Dulce - afro",NA
"Brisas Del Alto Telembi - afro",NA
"El Cuerval - afro",NA
"Bajo Rio Guelmambi - afro",NA
"Liberacion Y Futuro - afro",NA
"Alto Rio Dagua - Pacifico Cimarrones De Cisneros - afro",NA
"Gualmar - afro",NA
"Veredas Unidas - afro",NA
"Citronela Rio Dagua - afro",NA
"Parte Alta Sur Del Rio Saija - afro",NA
"Mayor De Union Panamericana """"Coco Maupa"""" - afro",NA
"La Esperanza Del  Rio Tola - afro",NA
"La Brea - afro",NA
"Guaimia - afro",NA
"Casimiro - afro",NA
"CCCN de la Vereda La Gloria - afro",NA
"La Voz De Los Negros - afro",NA
"Los Andes - afro",NA
"El Recuerdo De Nuestros Ancestros Del Rio Mejicano - afro",NA
"Mayorquin Y Papayal - afro",NA
"Bazan  -  La Bocana - afro",NA
"Pavasa - afro",NA
"Odemap Mosquera Sur - afro",NA
"Istmina Y Parte Del Medio San Juan - afro",NA
"Alto Mira Y Frontera - afro",NA
"Limones - afro",NA
"San Agustin De Terron - afro",NA
"La Esperanza - afro",NA
"Alejandro Rincon Del Rio Nambi - afro",NA
"La Nueva Esperanza De Los Negros - afro",NA
"Chanzara - afro",NA
"Rio Gualajo - afro",NA
"Mayor De La Organizacion Campesina Popular Del Alto Atrato   -  Cocomopoca - afro",NA
"Sabaletas - afro",NA
"Bocas De Cana - afro",NA
"Sanquianga - afro",NA
"General Del Municipio De Nuqui  -  Los Riscales - afro",NA
"Manos Unidas Del Socorro - afro",NA
"Mayor Del Rio Anchicaya - afro",NA
"San Francisco De Cugucho - afro",NA
"Chucheros Ensenada Del Tigre - afro",NA
"Rio Yurumangui - afro",NA
"El Progreso - afro",NA
"Caucana - afro",NA
"Alto Guapi - afro",NA
"Chaparrosa - afro",NA
"La Cuenca Del Rio Quiparado - afro",NA
"Cuevitas - afro",NA
"La Boquilla - afro",NA
"Guadualito - afro",NA
"Puerto Espana Y Miramar - afro",NA
"Chilona El Salto - afro",NA
"Negros Unidos - afro",NA
"Consejo Comunitario De La Comunidad Negral Del Municipio De Pueblo Rico Risaralda - afro",NA
"Alejandro Duran - afro",NA
"Consejo Comunitario De La Nueva - afro",NA
"La Cuenca Del Rio Salaqui - afro",NA
"Integracion De Telembi - afro",NA
"Rio Jiguamiando - afro",NA
"Cortina Verde Mandela - afro",NA
"Llano Bajo - afro",NA
"San Isidro - afro",NA
"Consejo Comunitario De La Cuenca Del Rio Acandi Seco, El Cedro Y Juancho - afro",NA
"Consejo Comunitario De Clavellino - afro",NA
"La Molana - afro",NA
"Por La Identidad Cultural (Mande) - afro",NA
"Union Del Rio Chagui - afro",NA
"Alto Potedo - afro",NA
"Rio Napi - afro",NA
"Nuevo Renacer - afro",NA
"La Nueva Reserva De Acanure - afro",NA
"Cuellar Rio San Juan - afro",NA
"Rio Satinga - afro",NA
"Obatala - afro",NA
"Renacer Negro - afro",NA
"La Cuenca Del Rio Iscuande - afro",NA
"Nueva Esperanza - afro",NA
"Rio Pepe - afro",NA
"Por El Desarrollo Integral - afro",NA
"Villa Conto - afro",NA
"Manglares Del Rio Micay - afro",NA
"Alto Rio Sequihonda - afro",NA
"La Cuenca Del Rio Acandi Zona Costera Norte - afro",NA
"Mayor Del Alto San Juan """"Asocasan"""" - afro",NA
"Rio Guajui - afro",NA
"Juanchaco - afro",NA
"Cascajalito - afro",NA
"Consejo Comunitario Afrocolombiano Bodega Guali - afro",NA
"Los Morenos De Moreneros - afro",NA
"Orika Islas Del Rosario - afro",NA
"Consejo Comunitario De La Vereda La Orquidea - afro",NA
"San Antonio Y El Castillo - afro",NA
"Renacer Campesino - afro",NA
"Consejo Comunitario Palenque Raices Africanas - afro",NA
"Consejo Comunitario Capitania Segunda De Itaibe - afro",NA
"Consejo Comunitario Martin Luther King - afro",NA
"Consejo Comunitario Tucurinca Zona Bananera - afro",NA
"Consejo Comunitario Palenque De La Vereda Las Trescientas - afro",NA
"Consejo Comunitario La Pedregoza - afro",NA
"Los Mangos - afro",NA
"Consejo Comunitario Conafros - afro",NA
"Consejo Comunitario La Nueva Esperanza De Lomita - afro",NA
"Consejo Comunitario Antonio Sajon (Coansa) - afro",NA
"Consejo Comunitario Asocone - afro",NA
"Consejo Comunitario De Comunidades Negras Socolando - afro",NA
"Consejo Comunitario Bellavista - afro",NA
"Consejo Comunitario De Comunidades Negra Campo Alegre _ Vereda Versalles - afro",NA
"Consejo Comunitario Las Brisas (La Betulia) - afro",NA
"Consejo Comunitario Magen De Mi - afro",NA
"Palenque La Torre - afro",NA
"Consejo Comunitario Rio Palo - afro",NA
"Consejo Comunitario Versabal - afro",NA
"Consejo Comunitario Fernando Rios Hidalgo - afro",NA
"Consejo Comunitario Afroitaibe Cocoitaibe - afro",NA
"Consejo Comunitario El Saman - afro",NA
"Consejo Comunitario Mango De La Pua 2 - afro",NA
"Consejo Comunitario Asnazu (Piedra Pintada Piedra Escrita) - afro",NA
"Asociacion Afrocolombiana De La Sierra Sector Occidente """"Afrosiso"""" - afro",NA
"Los Palenques De Juan Y Medio - afro",NA
"Rio Baudo  Acaba - afro",NA
"Bellavista Dubaza - afro",NA
"Rio Cacarica - afro",NA
"Consejo Comunitario El Naranjo Ubicado En La Vereda Villa Rica - afro",NA
"Consejo Comunitario Santo Domingo - afro",NA
"La Florida Patia - afro",NA
"Consejo Comunitario Panama De Arauca - afro",NA
"La Nueva Esperanza - afro",NA
"Mayor De La Cuenca Media Y Alta Del Rio Dagua - afro",NA
"Consejo Comunitario La Diaspora - afro",NA
"Consejo Comunitario Afro La Esperanza - afro",NA
"Consejo Comunitario De La Comunidad Negra Del Corregimiento De La Soledad - afro",NA
"Truando Medio - afro",NA
"Consejo Comunitario Bocas De Taparal - afro",NA
"Consejo Comun Integracion Del Rio Chuare - afro",NA
"La Mamuncia, Parte Media Del Rio Micay - afro",NA
"El Playon Del Rio Sigui - afro",NA
"Manaties - afro",NA
"Pueblo Nuevo - afro",NA
"El Aguacate - afro",NA
"Consejo Comunitario Alto Paraiso - afro",NA
"Consejo Afrodescendiente El Nuevo Futuro De Los Grandes Luchadores de Santa Rosa Cauca """"CONSAFRO"""" - afro",NA
"Brazitos Y Amazonas - afro",2010
"Acapa - afro",2013
"General De La Costa Pacifica Del Norte  -  Los Delfines - afro",2010
"San Andres De Usaraga - afro",2013
"Mayor De Novita - afro",2016
"Rio Raposo - afro",2010
"Cupica - afro",2010
"Certegui - afro",2015
"Malaguita Bajo San Juan - afro",2013
"Rio Montano - afro",2014
"Mayor Del Canton De San Pablo """"Acisanp"""" - afro",2015
"Apartado Buenavista - afro",2014
"Bahia Malaga  - La Plata - afro",2013
"Consejo Comunitario De Chicao - afro",2014
"Consejo Comunitario Integral De Lloro_Cocoillo - afro",2015
"La Costa  -  Concosta - afro",2013
"Siviru - afro",2013
"Pizarro - afro",2013
"Rio Domingodo - afro",2014
"La Cuenca Del Rio Tolo Y Zona Costera Sur - afro",2010
"Rio  Piliza - afro",2013
"Mayor Del Municipio De Jurado - afro",2016
"Vigia De Curvarado Y Santa Rosa De Limon - afro",2014
"Bajo Mira Y Frontera - afro",2013
"Consejo Comunitario De La Madre - afro",2014
"Mayor Del Medio Atrato  -  Acia - afro",2016
"El Rio Cajambre - afro",2013
"Cuenca Baja Del Rio Calima - afro",2013
"Rio Naya - afro",2016
"El Triunfo - indig",NA
"Pocara - indig",NA
"Guadualito(Choco) - indig",NA
"Motilon Bari - indig",NA
"San Andres  -  Las Vegas  -  Villa Union - indig",NA
"Nasa Kwe?S Kiwe (Las Brisas) - indig",NA
"Mesa De Ortega - indig",NA
"Los Almendros - indig",NA
"Iroka - indig",NA
"Jaidezabi - indig",NA
"El Descanso - indig",NA
"El Pinal - indig",NA
"La Esperanza ( De Milan) - indig",NA
"Pickwetha Fiw - indig",NA
"Santa Rosa Del Guamuez - indig",NA
"Naexil Put - indig",NA
"Caimanero De Jampapa - indig",NA
"Roqueros El Dorado - indig",NA
"Barranco Colorado - indig",NA
"Una Apuchcon - indig",NA
"Rio Alto De San Juan (Compuesto Por 3 Comunidades: Ebano Tacanal, El Polvillo Y Naranjal) - indig",NA
"Resguardo Indigena Ruminawi - indig",NA
"Pescadito - indig",NA
"Playita San Francisco - indig",NA
"Wopomuin Junain Maikou - indig",NA
"Alto San Jorge - indig",NA
"La Perecera - indig",NA
"Jebala - indig",NA
"Paso Rio Salado - indig",NA
"Cuiva, Masiguari, Tsiripu, Salivas Y Guahiba (Cano Mochuelo) - indig",NA
"Santa Maria De Pangala - indig",NA
"Wasipungo - indig",NA
"San Juan Pampon - indig",NA
"Doxura - indig",NA
"Nasa Chamb - indig",NA
"Alto Rio Tagachi - indig",NA
"La Bonanza - indig",NA
"Comunidad Indigenas Guahibo Del Paraje De Cano Jabon - indig",NA
"Villa Maria De Anamu - indig",NA
"Embera Drua - indig",NA
"Playas De Bojaba - indig",NA
"Sikuani De Iwiwi - indig",NA
"Achagua Y Piapoco (El Turpial La Victoria (Umapo)) - indig",NA
"El Zahino Guayabito Muriaytuy - indig",NA
"Cuatro De Noviembre - indig",NA
"El Vergel - indig",NA
"Chenche Balsillas - indig",NA
"Bocas De Tetuan - indig",NA
"Yarumal Y El Barranco - indig",NA
"Chinguirito Mira - indig",NA
"San Antonio De Los Lagos Y San Sebastian - indig",NA
"Andabu - indig",NA
"Comunidad El Tablero - indig",NA
"Ramos, Mongon, Manchuria - indig",NA
"Opogado Doguado - indig",NA
"Yaco Molana - indig",NA
"El Silencio - indig",NA
"Puado, La Lerma, Matare Y Terdo - indig",NA
"Carrizal - indig",NA
"Awa De Canaveral - indig",NA
"Chimilas O Cacahueros (Issa Oristuna) - indig",NA
"Resguardo Indigena Gualeras - indig",NA
"Cocana - indig",NA
"Catio (Rio Tanela) - indig",NA
"Potrerito - indig",NA
"La Aguadita - indig",NA
"Sabanas De Curipao - indig",NA
"Piaroa De Cachicamo - indig",NA
"La Floresta La Espanola - indig",NA
"Minitas Miralindo - indig",NA
"Santa Rosa Sucumbios Y El Diviso - indig",NA
"Alta Y Media Guajira - indig",NA
"Santa Rosa De Ijua - indig",NA
"Bayoneros - indig",NA
"Las Palmas - indig",NA
"Yaigoje Rio Apaporis - indig",NA
"Almorzadero,San Isidro Y La Nueva Union - indig",NA
"Yunguillo - indig",NA
"Nuevo Pitalito - indig",NA
"Resguardo Rumiyaco - indig",NA
"Camentza Biya - indig",NA
"La Libertad 2 - indig",NA
"Venezuela O Panure - indig",NA
"Inga De San Miguel - indig",NA
"Nam Misak - indig",NA
"Tamirco - indig",NA
"Cabeceras O Puerto Pizario - indig",NA
"Caiman Nuevo - indig",NA
"Jagual Rio Chintado - indig",NA
"Valle De Perdidas - indig",NA
"Tres Esquinas - indig",NA
"El Refugio - indig",NA
"Barranco Ceiba Y Laguna Araguato - indig",NA
"Rincon De Anchique - indig",NA
"Zenu Del Volao - indig",NA
"Ambalo - indig",NA
"Guambia - indig",NA
"Carlosama - indig",NA
"Murindo (Rio Murindo) - indig",NA
"Lagos Del Dorado Lagos Del Palo Y El Remanso - indig",NA
"Buenavista(Choco) - indig",NA
"Yu Yik Kwe - indig",NA
"Majore Ambura - indig",NA
"La Esperanza - indig",NA
"Zaragoza Tamarindo - indig",NA
"Nasa We' Sx Kiwe La Gaitana - indig",NA
"Macarieros San Jose - indig",NA
"Burujon - indig",NA
"Rio Negua - indig",NA
"Mondo Mondocito - indig",NA
"Totarco Niple - indig",NA
"Comunidad Inga De Nineras - indig",NA
"Consara Mecaya - indig",NA
"El Gran Sabalo - indig",NA
"Choromando Alto y Medio - indig",NA
"Cristiania - indig",NA
"Saliva Asentada En El Paraje El Consejo - indig",NA
"Perratpu - indig",NA
"La Albania - indig",NA
"Rio Taparal - indig",NA
"Nasa De Cxhab Wala Luucx - indig",NA
"Chenche Socorro Los Guayabos - indig",NA
"Corocoro - indig",NA
"Novirao - indig",NA
"Lomas De Hilarco - indig",NA
"Balsillas Limon - indig",NA
"Guaguando - indig",NA
"Mercadillo - indig",NA
"Inkal Awa - indig",NA
"Agua Blanca - indig",NA
"Quebraditas - indig",NA
"Alto Rio Cuia - indig",NA
"Cuayquer Del Alto Albi - indig",NA
"Aico - indig",NA
"Cajaros - indig",NA
"La Maria - indig",NA
"Togorama - indig",NA
"La Laguna Siberia - indig",NA
"Santa Marta Palmar - indig",NA
"Rio Purricha - indig",NA
"Puinave De Cumaral - Guamuco - indig",NA
"Alto Rio Bojaya - indig",NA
"La Julia - indig",NA
"Getucha - indig",NA
"Kwes Kiwe Nasa - indig",NA
"San Miguel De La Castellana - indig",NA
"San Agustin La Floresta (De Narino) - indig",NA
"Jai Dukama - indig",NA
"Inga Kamsa De Mocoa - indig",NA
"Potrerito Doyare - indig",NA
"Cuchilla Palmar - indig",NA
"Valles Del Sol - indig",NA
"Quichaya - indig",NA
"Embera De Lanas - indig",NA
"Isla Del Mono - indig",NA
"Palmar Imbi - indig",NA
"Remanso  -  Chorro Bocon - indig",NA
"San Francisco - indig",NA
"San Jose Del Rio - indig",NA
"Paujil - indig",NA
"Resguardo Indigena Aco Viejo Patio Bonito - indig",NA
"Tama Paez La Gabriela - indig",NA
"Guayabero La Fuga Y Piratapuya Asentado En La Fuga - indig",NA
"Rumiyaco - indig",NA
"Wasiruma - indig",NA
"Inda Guacaray - indig",NA
"La Puria - indig",NA
"Puerto Libia Tripicay - indig",NA
"Waliani - indig",NA
"Centro Miraflores - indig",NA
"Cano Bachaco - indig",NA
"Rio Ame - indig",NA
"Dominico Londono Apartado - indig",NA
"Pavarando Y Amparrado Medio - indig",NA
"Nusido Comunidad Llano Rio Verde - indig",NA
"Velu Centro - indig",NA
"Guayabal De Partado - indig",NA
"Cuasbi Paldubi - indig",NA
"Rio Chajerado - indig",NA
"Santa Marta De Curiche - indig",NA
"Gegora, Quipara, Murando, Tiravenado Y Jiguado - indig",NA
"Lomamato - indig",NA
"Cananama - indig",NA
"Santa Rosa Juanambu Campo Alegre, Alpes Orientales, La Floresta Alto Coqueto. - indig",NA
"La Teofila - indig",NA
"Nuevo Horizonte - indig",NA
"La Paila Naya - indig",NA
"Chiguiro - indig",NA
"Cibariza - indig",NA
"Abejero - indig",NA
"Guarando Carrisal - indig",NA
"Narikizavi - indig",NA
"San Andres De Sotavento - indig",NA
"La Pascua - indig",NA
"Pena Blanca Rio Truando - indig",NA
"Quebrada Chicue Rio Tangui - indig",NA
"La Gaitana - indig",NA
"Chuscal Y Tuguridocito - indig",NA
"Tukunare - indig",NA
"Arrecifal - indig",NA
"Mungarado - indig",NA
"Simorna O La Venada - indig",NA
"Vegas De Segovia - indig",NA
"Guacamayas Mamiyare - indig",NA
"Altomira - indig",NA
"Refugio Del Sol - indig",NA
"Bellavista Union Pitalito - indig",NA
"Huitoto De Jirijiri - indig",NA
"Gito Dokabu - indig",NA
"Los Planes - indig",NA
"El Porvenir Kananguchal - indig",NA
"Bernardino Panchi - indig",NA
"Patio Bonito - indig",NA
"Buchado Amparrado - indig",NA
"Muisca De Fonqueta Y Cerca De Piedra - indig",NA
"El Portal - indig",NA
"Rio Orpua - indig",NA
"Santa Rosita - indig",NA
"La Flecha Altozano - indig",NA
"Rio Dagua - indig",NA
"Quebrada Grande - indig",NA
"Julieros Y Velasqueros - indig",NA
"Rio Bebara - indig",NA
"Katio - indig",NA
"Puerto Nare - indig",NA
"San Miguel (De Coyaima) - indig",NA
"Bocana De Luzon - indig",NA
"El Porvenir La Barrialosa - indig",NA
"Egua Guariacana - indig",NA
"Maguare - indig",NA
"San Joaquin - indig",NA
"Cusumbe  -  Agua Blanca - indig",NA
"Salaqui Pavarando - indig",NA
"Gualcala - indig",NA
"La Italia - indig",NA
"Totoro - indig",NA
"Resguardo Indigena Andoke de AdIndigena Andoke Del Paraje De Aducheuche - indig",NA
"Resguardo Indigena Puerto Samaria - indig",NA
"Resguardo Indigena La Chinita - indig",NA
"Sabaleta - indig",NA
"Santa Maria El Charcon - indig",NA
"Awa De Caicedonia - indig",NA
"La Paya - indig",NA
"La Playa - indig",NA
"Dachi Drua Chami - indig",NA
"Genareros ( La Esperanza, La Fortaleza Y El Totumo) - indig",NA
"Natacoy Pijao - indig",NA
"Yaberarado (Abibe Chigorodo) - indig",NA
"Matecandela - indig",NA
"Palermo - indig",NA
"Paletara - indig",NA
"Parte Alta Del Rio Guainia - indig",NA
"Tiosilidio - indig",NA
"Alto Cartagena - indig",NA
"Tortugana,Telembi, Punde, Pitadero, Bravo, Tronqueria, Zabaleta - indig",NA
"Recinto Palmarosa - indig",NA
"Rincon Velu - indig",NA
"Piedra Sagrada - indig",NA
"Cachivera Del Nare - indig",NA
"Dearade Biakirude - indig",NA
"Cuiloto Ii - indig",NA
"Los Iguanitos - indig",NA
"Campo Alegre - indig",NA
"Pickwe Ikh - indig",NA
"Guadual, Cumbas, Magui, Invina, Arrayan - indig",NA
"Honda Rio Guiza - indig",NA
"Wayuu Rodeito  -  El Pozo - indig",NA
"San Juan De Los Parentes - indig",NA
"Catalaura / Motilon Bari - indig",NA
"Caranacoa Yuri Laguna Morocoto - indig",NA
"Kamentsa Biya De Sibundoy - indig",NA
"Cuambi Yaslambi - indig",NA
"Canon Del San Quinini - indig",NA
"Okochi - indig",NA
"Bajo Caceres - indig",NA
"Miasa De Partado - indig",NA
"Paez Corinto Lopez Adentro - indig",NA
"Rincon Bodega - indig",NA
"Gorgonia - indig",NA
"Inga De Aponte - indig",NA
"Ondas Del Cafre - indig",NA
"Rio Pangui - indig",NA
"Comunidad Indigena Guahibo De Waco/O De Los Caserios De Corocito,Yopalito,Wacoyo - indig",NA
"Comunidad Indigena Nasa Paez De Musse Ukwe - indig",NA
"Quebrada Quera - indig",NA
"Charco Caiman - indig",NA
"Marcelino Tascon (La Maria) - indig",NA
"Parreros - indig",NA
"La Argelia - indig",NA
"Tierra Alta - indig",NA
"Rios Valle Y Boro Boro - indig",NA
"Hurtado Y Tegavera - indig",NA
"Villa Nueva Juna - indig",NA
"Puerto Antioquia - indig",NA
"Puerto Viejo Y Puerto Esperanza - indig",NA
"Karabidrua - indig",NA
"La Tutira Bonanza - indig",NA
"Comunidad Saliva - indig",NA
"Agua Negra (De Milan) - indig",NA
"Cecilia Cocha - indig",NA
"Bateas - indig",NA
"La Floresta Sta Rosa San Francisco - indig",NA
"Jacome - indig",NA
"Chenche Buenavista - indig",NA
"Awa Nambi Piedra Verde - indig",NA
"La Florida - indig",NA
"Alto Orito - indig",NA
"El Dieciocho - indig",NA
"Nulpe Medio Alto Rio San Juan - indig",NA
"Chimborazo - indig",NA
"Cano Guaripa - indig",NA
"Rio Icho Y Quebrada Baratuo - indig",NA
"Pocharco - indig",NA
"Chagpien Tordo - indig",NA
"Bajo Grande - indig",NA
"Cualquer Integrado La Milagrosa - indig",NA
"Inga De Colon - indig",NA
"La Comunidad Indigena Embera - Chami Drua Do - indig",NA
"Chaquira - indig",NA
"Gran Rosario - indig",NA
"Puyeros - indig",NA
"Alto Lorenzo - indig",NA
"Rios Jurubida, Chori Y Alto Baudo - indig",NA
"Resguardo Indigena Siona De Bajo Casacunte - indig",NA
"Provincial - indig",NA
"Loma De Citabara, Palestina, Atarralla Y La Albania - indig",NA
"Rio Nuqui - indig",NA
"Tagual La Po - indig",NA
"Puerto Monfort - indig",NA
"Witack Kiwe - indig",NA
"Chenche Media Luna - indig",NA
"Perancho - indig",NA
"San Antonio De Calarma - indig",NA
"Rio Atabapo E Inirida - indig",NA
"San Agustin (Del Huila) - indig",NA
"Los Angeles - indig",NA
"Campo Alegre Y Ripialito - indig",NA
"San Diego - indig",NA
"Barrancon - indig",NA
"Albania - indig",NA
"Rios Pato Y Jengado - indig",NA
"Pialapi  -  Pueblo Viejo  -  San Miguel  -  Yare - indig",NA
"Vuelta Del Rio - indig",NA
"Chenche Amayarco - indig",NA
"Pacande - indig",NA
"Inda Zabaleta - indig",NA
"Chololobo Matatu - indig",NA
"Jengado Apartado - indig",NA
"La Mirla - indig",NA
"Tama Del Caguan - indig",NA
"El Saladillo - indig",NA
"Tumburao - indig",NA
"San Lorenzo - indig",NA
"La Iguana - indig",NA
"Napipi - indig",NA
"Villa Catalina De Puerto Rosario - indig",NA
"Anacarco - indig",NA
"San Jose De Lipa O Cano Colorado - indig",NA
"Nunalbi Alto Ulbi - indig",NA
"Las Playas - indig",NA
"Pueblo Nuevo - indig",NA
"Bochoroma Bochoromacito - indig",NA
"Resguardo Indigena Campoalegre - indig",NA
"Nussi Purru - indig",NA
"Kamentsa Inga San Francisco - indig",NA
"Diamante - indig",NA
"Miriti Parana (La Pradera) - indig",NA
"Pingullo Sardinero - indig",NA
"Cuasbi La Faldada - indig",NA
"Nasatha - indig",NA
"Saunde Guiguay - indig",NA
"Maticuru - indig",NA
"Paina - indig",NA
"Pipalta, Palbi, Yaguapi - indig",NA
"Planadas De Telembi - indig",NA
"Guayabero De La Maria - indig",NA
"Alto Sinu, Esmeralda Cruz Grande E Iwagado (Unificacion) - indig",NA
"Polindara - indig",NA
"El Cedrito - indig",NA
"Sikuani De Awaliba - indig",NA
"Macucuana - indig",NA
"La Isla - indig",NA
"Imba - indig",NA
"Calarca - indig",NA
"Zit - Set Del Quecal - indig",NA
"Socorpa - indig",NA
"Munguido - indig",NA
"Laguna Tranquila - indig",NA
"Alpamanga - indig",NA
"Mamey De Dipurdu - indig",NA
"Selva Verde - indig",NA
"Nazaret - indig",NA
"Castilla Angostura - indig",NA
"Selva De Mataven - indig",NA
"Tumbichucue - indig",NA
"Witora O Huitora - indig",NA
"Pena La Alegria - indig",NA
"Canoas - indig",NA
"Murcielago Altomira - indig",NA
"Bete, Auro Bete Auro Buey - indig",NA
"Comunidad Indigena El Sande - indig",NA
"El Doce Quebrada Borbollon - indig",NA
"Totarco Dinde Independiente - indig",NA
"Damasco Vides - indig",NA
"Sanandocito - indig",NA
"La Delfina - indig",NA
"Guaipa Uno - indig",NA
"El Hacha - indig",NA
"Resguardo Indigena Nataroco - indig",NA
"Rio Cuiari E Isana - indig",NA
"Triunfo Cristal - indig",NA
"Comunidad Indigena De Muellamuez - indig",NA
"Santa Cecilia Quebrada Oro Choco - indig",NA
"Comunidad Embera Rios Uva Pogue, Quebrada Taparal - indig",NA
"Rio Domingodo - indig",NA
"Chenche Buenos Aires Tradicional - indig",NA
"Potrerito (Coyaima) - indig",NA
"San Miguel (De Natagaima) - indig",NA
"Yurayaco - indig",NA
"Flor Del Monte - indig",NA
"Puerto Libre Del Rio Pepe - indig",NA
"Resguardo Indigena Mesas De San Juan - indig",NA
"Pueblo Nuevo Laguna Colorada - indig",NA
"Comunidad Indigena Embera Asentada En La Zona Infi - indig",NA
"Embera  -  Cholo Del Rio Guangui - indig",NA
"Ordo Siviru Aguaclara - indig",NA
"Andagueda - indig",NA
"El Espingo - indig",NA
"La Esperanza ( De Belen De Andaquies ) - indig",NA
"Paez De El Libano - indig",NA
"Sikuani De Vencedor, Piriri, Guamito, Matanegra, Siniquiba, Sisiba, Lindatan, Chaparral Y Remanso - indig",NA
"Comunidad Tunebo De Angosturas - indig",NA
"Muco Mayoragua - indig",NA
"Tinajas - indig",NA
"Amparrado Alto Medio - indig",NA
"Calle Santa Rosa - indig",NA
"Nueva Esperanza Del Tomo - indig",NA
"Chami (Eriom Garrapatas) - indig",NA
"Saliva Corregimiento De Santa Rosalia - indig",NA
"Nukak  -  Maku - indig",NA
"Piedra Sellada Quebrada Tronqueria - indig",NA
"Nasa Hu - indig",NA
"Poblazon - indig",NA
"Salivas Y Piapocos (Corozal Y Tapaojo) - indig",NA
"Paez Las Mercedes - indig",NA
"Unificado Chami - indig",NA
"Bache - indig",NA
"La Cristalina (Choco) - indig",NA
"Cerrodeo - indig",NA
"Meche San Cayetano - indig",NA
"Rios Catru, Dubasa, Ankoso - indig",NA
"Tronqueria, Pulgande Y Palicito - indig",NA
"Uitiboc - indig",NA
"Chachajo - indig",NA
"El Cedro, La Brava, Las Penas, Pilvi Y La Pintada - indig",NA
"La Nueva Esperanza - indig",NA
"Rio La Playa - indig",NA
"Comunidad Indigena Embera Chami Y Zenu De La Palma - indig",NA
"La Sortija - indig",NA
"Coayare El Coco - indig",NA
"Papayo - indig",NA
"Arara, Bacati, Cararu, Lagos De Jamaicuru - indig",NA
"El Tambo - indig",NA
"Blasiaku - indig",NA
"Totarco Tamarindo - indig",NA
"Pichicora, Chicue, Punto Alegre. - indig",NA
"Puerto Limon - indig",NA
"Yarinal  -  San Marcelino, Amaron - indig",NA
"Calenturas - indig",NA
"Chimurro Y Nendo - indig",NA
"Jambalo - indig",NA
"Zanja Honda - indig",NA
"Sirena Berrecuy - indig",NA
"Palma Alta - indig",NA
"Pablo Muera - indig",NA
"Rio Satinga - indig",NA
"Rio Mumbu - indig",NA
"Bachaco Buena Vista - indig",NA
"Huellas - indig",NA
"San Miguel (De Solano) - indig",NA
"Cano Negro - indig",NA
"La Voragine  -  La Ilusion - indig",NA
"Puerto De Chichiliano - indig",NA
"Kogui  -  Malayo Arhuaco - indig",NA
"Ishu Awa - indig",NA
"Cano Claro - indig",NA
"Beltran - indig",NA
"Chaquenoda - indig",NA
"San Rafael - indig",NA
"Tucan De Cano Giriza Y Puerto La Palma - indig",NA
"Cxayu'Ce Fiw - indig",NA
"La Yuquera - indig",NA
"Docordo Balsalito ( 2 Lotes) - indig",NA
"La Lomita - indig",NA
"Purace - indig",NA
"Chigorodo Memba - indig",NA
"Motordo - indig",NA
"Guadualito(Tolima) - indig",NA
"Dobida Dogibi De Eyakera - indig",NA
"Potrerito (Huila) - indig",NA
"Llano Buco  -  Bukj Ukue - indig",NA
"San Luis - indig",NA
"Indigenas Coreguaje Asentada En La Regiones De Puerto Naranjo, Penas Rojas, Cuerazo, El Diamante - indig",NA
"Floral Tradicional - indig",NA
"San Jose (Descanse) - indig",NA
"Paraje De San Juanito, El Duya Y Paravare - indig",NA
"Do Imamma Tuma Y Bella Luz - indig",NA
"La Gaitana(Huila) - indig",NA
"Pulgande Campo Alegre - indig",NA
"La Union Choco  -  San Cristobal - indig",NA
"El Rosario, Bellavista Y Yucatan - indig",NA
"Pasto De Iles - indig",NA
"Guaipa Centro - indig",NA
"La Siberia - indig",NA
"Kawaneruba - indig",NA
"El Fiera - indig",NA
"Juan Tama - indig",NA
"Vegas De Santana - indig",NA
"La Cristalina - indig",NA
"Resguardo Agua Negra (De Morales) - indig",NA
"Dachi Agore Drua - indig",NA
"Santa Marta Diamante - indig",NA
"Playalta, El Veinte Y El Noventa - indig",NA
"Quintana Paez - indig",NA
"Merey La Veraita - indig",NA
"Tonina, Sejal, San Jose Y Otras - indig",NA
"Arhuaca O Ijke (Arhuaco De La Sierra) - indig",NA
"Rio Bebarama - indig",NA
"Hilarquito - indig",NA
"Comunidad Indigena Wayu El Soldado Parate Bien - indig",NA
"Los Pijaos - indig",NA
"El Vigia - indig",NA
"Vania Chami De Argelia - indig",NA
"Aguaclara Y Bella Luz Del Rio Amparo - indig",NA
"Rios Torreido Y Chimani - indig",NA
"Comunidad Indigena De Cumbal - indig",NA
"Villa Lucia - indig",NA
"El Guayabal - indig",NA
"Murripantanos - indig",NA
"El Itilla - indig",NA
"Alto Bonito Vira Vira - indig",NA
"Sever - indig",NA
"Laguna Curvina  -  Sapuara - indig",NA
"Guasimal - indig",NA
"Playa Bendita - indig",NA
"Canime - indig",NA
"Comunidad Huitoto De Coropoya - indig",NA
"Cope Del Rio Ingara - indig",NA
"Tarena - indig",NA
"Nuevo Amanecer La Meseta - indig",NA
"Awa De Los Guaduales - indig",NA
"Las Delicias (La Guajira) - indig",NA
"Santa Rita - indig",NA
"Inga De San Andres - indig",NA
"La Raya - indig",NA
"Morrito - indig",NA
"Barranquillita - indig",NA
"Comunidad Indigena Campoalegre Afilador - indig",NA
"Sanquianguita - indig",NA
"La Cerinda - indig",NA
"Rio Pichima - indig",NA
"Guacamayas Maipore - indig",NA
"Los Niasa - indig",NA
"Guatavita Tua - indig",NA
"La Tatacoa - indig",NA
"Cano La Hormiga - indig",NA
"Resguardo Indigena Awa La Turbia - indig",NA
"Altamira - indig",NA
"La Sal - indig",NA
"Inga De Wasipanga - indig",NA
"El Zamuro - indig",NA
"La Turbia - indig",NA
"Nicolas Ramirez - indig",NA
"Chaluayaco - indig",NA
"Penas Del Olvido - indig",NA
"Guachicono - indig",NA
"Laguna Ninal, Cocuy, Loma Baja Y Loma Alta Del Cano Guariben - indig",NA
"Trapiche Del Rio Pepe - indig",NA
"Jerico Consaya - indig",NA
"Rio Jarapeto - indig",NA
"Rio Quiparado - indig",NA
"Resguardo Indigena Mhuysqa Chuta Fa Aba """"Los Hijos Del Maiz"""" - indig",NA
"Mocagua, Macedonia, El Vergel Y Zaragoza - indig",NA
"Rio Pavasa Y Quebrada Jella - indig",NA
"Kwet Wala( Piedra Grande) - indig",NA
"Monte Harmon - indig",NA
"Olirco - indig",NA
"Bellavista - indig",NA
"Paso Ancho - indig",NA
"Cano Ovejas(Betania Corocito) - indig",NA
"Cerro De Hatonuevo - indig",NA
"Cano Mesetas Dagua Y Murcielago - indig",NA
"Chidima Tolo - indig",NA
"Businchama - indig",NA
"Piguambi Palangala - indig",NA
"Nueva Esperanza - indig",NA
"Tokolloro - indig",NA
"Jerusalen San Luis Alto Picudito - indig",NA
"El Veintiuno - indig",NA
"Integrado Del Charco - indig",NA
"Resguardo Unido U?Wa Cubara De Tunebo - indig",NA
"Inga De Condagua - indig",NA
"Guelmambi  -  Carano - indig",NA
"San Antonio Del Fragua - indig",NA
"Jenaturado - indig",NA
"Nasa Kiwe - indig",NA
"Calderas - indig",NA
"Tungina Y Apartado - indig",NA
"Chenche Buenos Aires - indig",NA
"Menkue, Misaya La Pista - indig",NA
"El Progreso - indig",NA
"Resguardo Indigena Anaba - indig",NA
"La Asuncion - indig",NA
"Hericha - indig",NA
"Aguas Negras - indig",NA
"Alto Rio Buey - indig",NA
"Totarco Piedras - indig",NA
"Peranchito - indig",NA
"Pijao De Balsillas - indig",NA
"Urada Jiguamiando - indig",NA
"Canaverales Antado - indig",NA
"Quebrada Canaveral - indig",NA
"Nonuya De Villazul - indig",NA
"El Venado - indig",NA
"El Salado - indig",NA
"Maiz Blanco - indig",NA
"Almidon La Ceiba (Puinave - Tucano - Curripaco - Cubeo) - indig",NA
"Tunebo De Chaparral Y Barro Negro - indig",NA
"Playa Larga - indig",NA
"Huitoto (El Quince) - indig",NA
"Honduras - indig",NA
"Wanchirado - indig",NA
"Kilometro 6 Y 11 Carretera Leticia Tarapaca - indig",NA
"San Pablo El Para - indig",NA
"Totarco Dinde Tradicional - indig",NA
"Gegenado - indig",NA
"Trupiogacho Y La Meseta - indig",NA
"Carpintero Palomas - indig",NA
"Santa - indig",NA
"San Jose Amia De Pato - indig",NA
"Puerto Alegre Y La Divisa - indig",NA
"Dachi Drua Mundi - indig",NA
"Valle Del Sol / Comunidad Puerto Claver - indig",NA
"Lagarto Cocha - indig",NA
"Isla De Ronda - indig",NA
"Coribi Bedado - indig",NA
"Laguna  -  El Coso  -  Cinco Caminos - indig",NA
"Resguardo Indigena Colonial Koconuco - indig",NA
"Paez De La Gaitana - indig",NA
"Resguardo Indigena La Reforma - indig",NA
"Estacion Talaga - indig",NA
"Altos Del Tigre - indig",NA
"Karabijua - indig",NA
"Kitek Kiwe - indig",NA
"Laguna Pejendino - indig",NA
"Los Almendros (El Bagre) - indig",NA
"Nanurco - indig",NA
"Nuevo Espinal - indig",NA
"Sohaibado - indig",NA
"Hermeregildo Chakiama (La Sucia) - indig",NA
"La Cilia O La Calera - indig",NA
"Guarapamba - indig",NA
"Lomas De Guaguarco - indig",NA
"El Moral - indig",NA
"Polines - indig",NA
"Inga De Mocoa - indig",NA
"Muisca De Cota - indig",NA
"Resguardo Indigena Naexal Lajt - indig",NA
"Chenche Zaragoza - indig",NA
"Alberto Pushaina - indig",NA
"Ancore Drua - indig",NA
"Carupia (Embera Chami) - indig",NA
"Chenche Angostura - indig",NA
"Dai Umadamia - indig",NA
"Resguardo Indigena El Noventa - indig",NA
"El Rosal (Yanacona) - indig",NA
"Puerto Belgica - indig",NA
"San Jose De Isnos - indig",NA
"Awia Tuparro Sikuani (Marimba) - indig",NA
"Cerro Tijeras - indig",NA
"El Penon - indig",NA
"Misak Piscitau - indig",NA
"La Lucha De Los Pueblos Zenu - indig",NA
"El Oso - indig",NA
"La Leona - indig",NA
"Bidukar Mecenia - indig",NA
"Guayuyaco - indig",NA
"Huila - indig",NA
"Kejuambi Feliciana - indig",NA
"Santa Cruz De Pinuna Blanco - indig",NA
"Comeyafu - indig",NA
"Resguardo Indigena Puerto Cordoba - indig",NA
"Ukumari Kankhe - indig",NA
"Chagui, Chimbuza, Vegas, San Antonio, Candiyas,Quelbi,Nalbu,Balsal, Bajo Nembi Y Chapilal Cimarron - indig",NA
"Chicuambe Las Brisas - indig",NA
"Pueblo Nuevo Ceral - indig",NA
"San Juan - indig",NA
"Chimbagal - indig",NA
"Nasa Kiwe Tekh Ksxaw - indig",NA
"Monzhomando - indig",NA
"Navera Drua - indig",NA
"Kankuamo - indig",NA
"Caicemapa - indig",NA
"Mayabangloma - indig",NA
"Embera Chami Cacique Queragama - indig",NA
"Awa Mayasquer - indig",NA
"Mesai - indig",NA
"Yaporogos Taira - indig",NA
"Inga de San pedro - indig",NA
"Nueva Bellavista Y Partidero - indig",NA
"Kuitua - indig",NA
"Papallaqta - indig",NA
"San Antonio ( De Cauca) - indig",NA
"Pueblo Kokonuko - indig",NA
"Puerto Triunfo - indig",NA
"Arara - indig",NA
"Santa Sofia Y El Progreso - indig",NA
"Las Brisas - indig",NA
"Paez De Las Mercedes - indig",NA
"Manature - indig",NA
"Camaritagua - indig",NA
"El Medano - indig",NA
"Inkal Watzal Awa - indig",NA
"Comunidad indigena Kanalitojo Puerto Colombia - indig",NA
"Kizgo - indig",NA
"Nuevo Horizonte (de Morales) - indig",NA
"Nukanchipa Alpa Amukunapa Wasi - indig",NA
"San Antonio 2 - indig",NA
"Inga de Santiago - indig",NA
"Tamaquito II - indig",NA
"Korodo - Ite - indig",NA
"Omaga - indig",NA
"Zince La 18 - indig",NA
"Las Delicias (De Buenos Aires) - indig",NA
"La Concepcion - indig",NA
"Paez De Toez - indig",NA
"Suratena - indig",NA
"Guadualito - indig",NA
"Cana Brava - indig",NA
"Comunidad Fiw Paez (Nueva Irlanda) - indig",NA
"Totumal - indig",NA
"Tierra Nueva - indig",NA
"Macahuan (Cusay O La Colorada) - indig",NA
"Domo Planas - indig",NA
"Leonardo Jose Campanario - indig",NA
"Calara San Martin - indig",NA
"La Primavera Etnia Huitoto - indig",NA
"Sumain Wayuu Uuliana - indig",NA
"Inti Yaku - indig",NA
"Cabildo San Miguel - indig",NA
"Embera Chami Tata Drua (Kipara el Laurel) - indig",NA
"Ittitake Etteennaka, Chimila - indig",NA
"Karamandu - indig",NA
"Cabildo Intillagta """"Hijos del Sol"""" - indig",NA
"Barzaloza - indig",NA
"Cerrito Bongo - indig",NA
"Embera Chami Doquera - indig",NA
"Resguardo Dochama  -  Alto ure - indig",NA
"RI Muchido La Guama - indig",NA
"Gran Tescual - indig",NA
"Raices de Oriente - indig",NA
"Frontino - indig",NA
"La Sardina - indig",NA
"Tiitanho Nijaamu  -  La Libertad - indig",NA
"Cabildo El Aguila - indig",NA
"Puerta del Macizo - indig",NA
"Kwe?sx yu kiwe - indig",NA
"Zenu Muchajagua - indig",NA
"Numain Maleiwa (Tierra De Dios)  (Integrado Por Kasiska - Ichitu - Patajatamana) - indig",NA
"Nukat Maleiwua  -  Napajanain Maleiwa = Bendicion De Dios (Puipuren, Yawolia, Guanapaimana, Chichituy, Ujolmana, Warralalain, Jirrumana) - indig",NA
"Monilla Amena - indig",NA
"Puerto Samaria / Daidrua - indig",NA
"Quintin Lame - indig",NA
"Chenche Agua Fria - indig",NA
"Cabildo Indigena Pueblo Viejo Santa Rita La Mina - indig",NA
"La Mayera - indig",NA
"Musu Runakuna - indig",NA
"Resguardo Indigena Kurmado - Marsella - indig",NA
"Resguardo Indigena La Victoria - indig",NA
"Agua Negra (De Leguizamo) - indig",NA
"Cano Padilla - indig",NA
"Arquia - indig",NA
"Llanos del Yari -  Yaguara II - indig",NA
"Yanacona de Santa Marta - indig",NA
"Dokerazavi - indig",NA
"Escopetera  -  Pirza - indig",NA
"Cuna (Cuti) - indig",NA
"Mandiyaco - indig",NA
"Rios Cotuhe Y Putumayo - indig",NA
"Curare Los Ingleses - indig",NA
"Nacuanedorro Tuparro - indig",NA
"Puerto Narino (Tikoya) - indig",NA
"Funes - indig",NA
"Buenavista - indig",NA
"Cali Barranquilla - indig",2015
"Bajo Rio Guainia Y Rio Negro - indig",2017
"Pared Y Parecito - indig",NA
"Guaco Bajo Y Guaco Alto - indig",2015
"Indigenas Witoto De Los Parajes De Puerto Zabalo Y Los Monos - indig",2018
"La Jagua Guachal Pitalito - indig",NA
"Saracure Y Rio Cada - indig",2015
"Morichal Viejo  -  Santa Rosa, Cerro Cucuy Y Otros - indig",2015
"Guahibo De Los Rios Tomo Y Los Canos Urimica Y Samarro - indig",2010
"Vuelta Del Alivio - indig",2019
"Jaikerazavi (Abibe Mutata) - indig",2013
"Guahibo Del Rio Siare - indig",2015
"Chonara Huena - indig",2013
"Chontadural Canero - indig",2013
"Cuenca Media Y Alta Del Rio Inirida - indig",2017
"Flores Sombrero - indig",2015
"Punta Bandera - indig",2010
"Sabaletera San Onofre El Tigre - indig",NA
"Valdivia - indig",2010
"Guahibo Y Cuiva (Santa Teresita Del Tuparro) - indig",2016
"Guayacan Santa Rosa - indig",2013
"Rio Naya Comunidad Joaquincito - indig",2016
"Rios Muco Y Guarrojo - indig",2010
"Rios Tomo Y Weberi - indig",2010
"La Esmeralda - indig",2010
"Chocon - indig",2015
"Guahibo O Sicuani Asentada En El Paraje La Llanura (Poblados La Llanura, La Florida, La Campana, Pinalito Y Miralindo) - indig",2010
"Concordia - indig",2015
"Cubeo Yavilla Ii - indig",2019
"Alto Unuma - indig",2015
"Vaupes - indig",2016
"Cabildo Indigena Casica Ibanasca - indig",2014
"Fiil vist La Gran Perdiz - indig",2014
"Monochoa - indig",2016
"El Tigre - indig",2018
"Predio Putumayo - indig",2016
